trial,testing,parameters,initial_deadline,final_deadline,net_reward,actions,success
1,False,"{'e': 0.9646402934831231, 'a': 0.54}",30,0,-158.24874445378583,"{0: 15, 1: 5, 2: 7, 3: 2, 4: 1}",0
2,False,"{'e': 0.9474321065017983, 'a': 0.54}",25,0,-85.25255943089856,"{0: 16, 1: 3, 2: 5, 3: 0, 4: 1}",0
3,False,"{'e': 0.9305308958112057, 'a': 0.54}",20,13,3.4735213165248413,"{0: 6, 1: 1, 2: 0, 3: 0, 4: 0}",1
4,False,"{'e': 0.9139311852712282, 'a': 0.54}",25,0,-130.2509223596859,"{0: 17, 1: 2, 2: 3, 3: 1, 4: 2}",0
5,False,"{'e': 0.8976275964304349, 'a': 0.54}",25,0,-156.2402113837332,"{0: 15, 1: 0, 2: 7, 3: 1, 4: 2}",0
6,False,"{'e': 0.8816148467834161, 'a': 0.54}",25,0,-310.2245814995539,"{0: 12, 1: 2, 2: 3, 3: 2, 4: 6}",0
7,False,"{'e': 0.865887748059205, 'a': 0.54}",25,0,-93.06034805483888,"{0: 16, 1: 2, 2: 6, 3: 0, 4: 1}",0
8,False,"{'e': 0.850441204540233, 'a': 0.54}",25,0,-216.79368817403443,"{0: 11, 1: 4, 2: 5, 3: 2, 4: 3}",0
9,False,"{'e': 0.835270211411272, 'a': 0.54}",20,0,-105.9501009659356,"{0: 11, 1: 2, 2: 5, 3: 1, 4: 1}",0
10,False,"{'e': 0.8203698531378311, 'a': 0.54}",20,0,-61.94345797930666,"{0: 15, 1: 1, 2: 3, 3: 0, 4: 1}",0
11,False,"{'e': 0.8057353018734796, 'a': 0.54}",20,0,-59.37871017186409,"{0: 15, 1: 0, 2: 4, 3: 0, 4: 1}",0
12,False,"{'e': 0.7913618158955839, 'a': 0.54}",20,0,-106.34917859057106,"{0: 10, 1: 1, 2: 7, 3: 2, 4: 0}",0
13,False,"{'e': 0.7772447380689461, 'a': 0.54}",25,0,-109.7125599449359,"{0: 17, 1: 3, 2: 2, 3: 1, 4: 2}",0
14,False,"{'e': 0.7633794943368533, 'a': 0.54}",20,0,-53.8888806729131,"{0: 13, 1: 3, 2: 3, 3: 1, 4: 0}",0
15,False,"{'e': 0.7497615922390413, 'a': 0.54}",25,0,-75.62156640434128,"{0: 19, 1: 0, 2: 4, 3: 1, 4: 1}",0
16,False,"{'e': 0.7363866194561001, 'a': 0.54}",20,0,-58.26569506770085,"{0: 15, 1: 1, 2: 3, 3: 0, 4: 1}",0
17,False,"{'e': 0.7232502423798425, 'a': 0.54}",20,0,-95.23501581704117,"{0: 11, 1: 3, 2: 5, 3: 0, 4: 1}",0
18,False,"{'e': 0.7103482047091773, 'a': 0.54}",25,0,-129.84241107528774,"{0: 16, 1: 0, 2: 7, 3: 0, 4: 2}",0
19,False,"{'e': 0.697676326071031, 'a': 0.54}",30,16,9.808441636304105,"{0: 13, 1: 0, 2: 1, 3: 0, 4: 0}",1
20,False,"{'e': 0.6852305006658703, 'a': 0.54}",30,6,-65.73771152083071,"{0: 16, 1: 1, 2: 5, 3: 2, 4: 0}",1
21,False,"{'e': 0.6730066959373865, 'a': 0.54}",20,0,-105.96973098905863,"{0: 13, 1: 0, 2: 4, 3: 2, 4: 1}",0
22,False,"{'e': 0.6610009512659125, 'a': 0.54}",35,0,-170.09164330348187,"{0: 23, 1: 4, 2: 4, 3: 1, 4: 3}",0
23,False,"{'e': 0.6492093766851474, 'a': 0.54}",20,9,-22.129907363929888,"{0: 10, 1: 0, 2: 0, 3: 0, 4: 1}",1
24,False,"{'e': 0.6376281516217733, 'a': 0.54}",30,0,-174.83735803499994,"{0: 15, 1: 4, 2: 7, 3: 3, 4: 1}",0
25,False,"{'e': 0.6262535236575559, 'a': 0.54}",20,0,-33.24337508451297,"{0: 15, 1: 1, 2: 3, 3: 1, 4: 0}",0
26,False,"{'e': 0.6150818073135287, 'a': 0.54}",20,14,-1.0732251725193789,"{0: 5, 1: 0, 2: 1, 3: 0, 4: 0}",1
27,False,"{'e': 0.6041093828558647, 'a': 0.54}",20,0,-39.432063270854414,"{0: 16, 1: 0, 2: 2, 3: 2, 4: 0}",0
28,False,"{'e': 0.5933326951230521, 'a': 0.54}",20,1,-52.039695590108316,"{0: 13, 1: 4, 2: 1, 3: 0, 4: 1}",1
29,False,"{'e': 0.5827482523739898, 'a': 0.54}",25,10,5.839525876809677,"{0: 13, 1: 1, 2: 1, 3: 0, 4: 0}",1
30,False,"{'e': 0.5723526251566333, 'a': 0.54}",35,0,-224.48743139269246,"{0: 19, 1: 8, 2: 3, 3: 1, 4: 4}",0
31,False,"{'e': 0.5621424451968224, 'a': 0.54}",25,12,-25.44970232280465,"{0: 8, 1: 3, 2: 2, 3: 0, 4: 0}",1
32,False,"{'e': 0.5521144043069306, 'a': 0.54}",25,0,-89.93107529757847,"{0: 19, 1: 1, 2: 3, 3: 0, 4: 2}",0
33,False,"{'e': 0.5422652533139832, 'a': 0.54}",20,0,-80.25513345295437,"{0: 14, 1: 0, 2: 4, 3: 1, 4: 1}",0
34,False,"{'e': 0.5325918010068972, 'a': 0.54}",20,11,4.271949968710178,"{0: 8, 1: 0, 2: 1, 3: 0, 4: 0}",1
35,False,"{'e': 0.5230909131025009, 'a': 0.54}",30,0,-96.88572409205625,"{0: 21, 1: 2, 2: 5, 3: 1, 4: 1}",0
36,False,"{'e': 0.5137595112299984, 'a': 0.54}",25,0,-78.30384396344857,"{0: 19, 1: 0, 2: 4, 3: 1, 4: 1}",0
37,False,"{'e': 0.5045945719335512, 'a': 0.54}",25,3,12.239595007186711,"{0: 20, 1: 1, 2: 1, 3: 0, 4: 0}",1
38,False,"{'e': 0.49559312569265146, 'a': 0.54}",30,0,-104.29177029090363,"{0: 22, 1: 0, 2: 4, 3: 3, 4: 1}",0
39,False,"{'e': 0.4867522559599717, 'a': 0.54}",20,0,-15.384283031985095,"{0: 19, 1: 0, 2: 0, 3: 0, 4: 1}",0
40,False,"{'e': 0.4780690982163776, 'a': 0.54}",20,0,-111.03741228742886,"{0: 12, 1: 3, 2: 3, 3: 0, 4: 2}",0
41,False,"{'e': 0.4695408390427993, 'a': 0.54}",25,0,-97.03637739448509,"{0: 18, 1: 0, 2: 4, 3: 2, 4: 1}",0
42,False,"{'e': 0.4611647152086585, 'a': 0.54}",25,4,-63.246472207734485,"{0: 15, 1: 1, 2: 4, 3: 0, 4: 1}",1
43,False,"{'e': 0.45293801277655776, 'a': 0.54}",30,8,-47.04323960816108,"{0: 18, 1: 2, 2: 0, 3: 1, 4: 1}",1
44,False,"{'e': 0.44485806622294116, 'a': 0.54}",25,1,-91.39682483353593,"{0: 19, 1: 0, 2: 2, 3: 1, 4: 2}",1
45,False,"{'e': 0.4369222575744412, 'a': 0.54}",25,0,-56.97311821018782,"{0: 19, 1: 1, 2: 4, 3: 0, 4: 1}",1
46,False,"{'e': 0.42912801555963254, 'a': 0.54}",20,13,8.034380672435729,"{0: 7, 1: 0, 2: 0, 3: 0, 4: 0}",1
47,False,"{'e': 0.42147281477591764, 'a': 0.54}",20,0,2.654304076978419,"{0: 19, 1: 0, 2: 0, 3: 1, 4: 0}",0
48,False,"{'e': 0.4139541748712741, 'a': 0.54}",30,0,-181.68412517715424,"{0: 21, 1: 1, 2: 3, 3: 1, 4: 4}",0
49,False,"{'e': 0.40656965974059917, 'a': 0.54}",20,12,-50.30645637575414,"{0: 5, 1: 0, 2: 2, 3: 0, 4: 1}",1
50,False,"{'e': 0.3993168767363899, 'a': 0.54}",20,0,-44.32114769627169,"{0: 16, 1: 0, 2: 3, 3: 0, 4: 1}",0
51,False,"{'e': 0.392193475893505, 'a': 0.54}",25,0,-48.18908087572062,"{0: 21, 1: 1, 2: 1, 3: 1, 4: 1}",0
52,False,"{'e': 0.3851971491677552, 'a': 0.54}",25,13,-22.048875695455322,"{0: 8, 1: 1, 2: 3, 3: 0, 4: 0}",1
53,False,"{'e': 0.3783256296880768, 'a': 0.54}",20,9,3.9497088438487147,"{0: 10, 1: 0, 2: 1, 3: 0, 4: 0}",1
54,False,"{'e': 0.3715766910220457, 'a': 0.54}",25,4,-51.890495816661165,"{0: 14, 1: 1, 2: 6, 3: 0, 4: 0}",1
55,False,"{'e': 0.36494814645449375, 'a': 0.54}",25,9,-40.99266013498785,"{0: 12, 1: 1, 2: 2, 3: 0, 4: 1}",1
56,False,"{'e': 0.3584378482789939, 'a': 0.54}",20,8,-18.246529254627927,"{0: 9, 1: 1, 2: 1, 3: 1, 4: 0}",1
57,False,"{'e': 0.35204368710198464, 'a': 0.54}",25,0,-65.82356734708108,"{0: 18, 1: 3, 2: 3, 3: 0, 4: 1}",0
58,False,"{'e': 0.3457635911593078, 'a': 0.54}",25,14,6.6667855235869515,"{0: 10, 1: 0, 2: 1, 3: 0, 4: 0}",1
59,False,"{'e': 0.3395955256449392, 'a': 0.54}",20,15,9.337260249192967,"{0: 5, 1: 0, 2: 0, 3: 0, 4: 0}",1
60,False,"{'e': 0.33353749205169325, 'a': 0.54}",20,0,-105.54889791983466,"{0: 16, 1: 0, 2: 1, 3: 0, 4: 3}",1
61,False,"{'e': 0.3275875275236896, 'a': 0.54}",20,4,-13.789801051888206,"{0: 12, 1: 1, 2: 3, 3: 0, 4: 0}",1
62,False,"{'e': 0.3217437042203702, 'a': 0.54}",30,7,-25.355887907805016,"{0: 18, 1: 2, 2: 2, 3: 1, 4: 0}",1
63,False,"{'e': 0.31600412869186256, 'a': 0.54}",25,15,5.851385349290894,"{0: 9, 1: 0, 2: 1, 3: 0, 4: 0}",1
64,False,"{'e': 0.31036694126548503, 'a': 0.54}",20,11,2.1170865574398037,"{0: 8, 1: 0, 2: 1, 3: 0, 4: 0}",1
65,False,"{'e': 0.30483031544319683, 'a': 0.54}",25,10,-12.46468231369979,"{0: 12, 1: 1, 2: 1, 3: 1, 4: 0}",1
66,False,"{'e': 0.2993924573097967, 'a': 0.54}",20,4,-13.448434026120832,"{0: 14, 1: 0, 2: 1, 3: 1, 4: 0}",1
67,False,"{'e': 0.29405160495167837, 'a': 0.54}",35,7,-54.25695072919122,"{0: 20, 1: 3, 2: 3, 3: 2, 4: 0}",1
68,False,"{'e': 0.28880602788595566, 'a': 0.54}",20,8,-25.879314437189652,"{0: 10, 1: 0, 2: 0, 3: 2, 4: 0}",1
69,False,"{'e': 0.2836540264997704, 'a': 0.54}",25,0,-8.323832274659072,"{0: 21, 1: 2, 2: 1, 3: 1, 4: 0}",0
70,False,"{'e': 0.2785939314996033, 'a': 0.54}",25,14,8.309413139140748,"{0: 10, 1: 0, 2: 1, 3: 0, 4: 0}",1
71,False,"{'e': 0.2736241033704081, 'a': 0.54}",20,0,-21.520805852460935,"{0: 18, 1: 1, 2: 0, 3: 0, 4: 1}",0
72,False,"{'e': 0.2687429318443944, 'a': 0.54}",25,1,-80.20961659818555,"{0: 17, 1: 0, 2: 4, 3: 3, 4: 0}",1
73,False,"{'e': 0.2639488353792869, 'a': 0.54}",20,6,-15.075198444597046,"{0: 11, 1: 2, 2: 0, 3: 1, 4: 0}",1
74,False,"{'e': 0.25924026064589156, 'a': 0.54}",25,0,12.237137246148752,"{0: 23, 1: 1, 2: 1, 3: 0, 4: 0}",0
75,False,"{'e': 0.2546156820248038, 'a': 0.54}",25,2,-56.607407016593235,"{0: 20, 1: 0, 2: 1, 3: 0, 4: 2}",1
76,False,"{'e': 0.25007360111209415, 'a': 0.54}",20,0,-32.72500694601487,"{0: 17, 1: 0, 2: 2, 3: 0, 4: 1}",0
77,False,"{'e': 0.24561254623381226, 'a': 0.54}",25,6,9.3445604439173,"{0: 18, 1: 0, 2: 0, 3: 1, 4: 0}",1
78,False,"{'e': 0.24123107196915192, 'a': 0.54}",20,6,-27.42404394875088,"{0: 12, 1: 0, 2: 1, 3: 0, 4: 1}",1
79,False,"{'e': 0.23692775868212176, 'a': 0.54}",25,8,5.451702710615945,"{0: 15, 1: 0, 2: 2, 3: 0, 4: 0}",1
80,False,"{'e': 0.23270121206157107, 'a': 0.54}",20,4,-48.7661809980527,"{0: 12, 1: 1, 2: 2, 3: 0, 4: 1}",1
81,False,"{'e': 0.2285500626694205, 'a': 0.54}",20,6,23.6759131772098,"{0: 14, 1: 0, 2: 0, 3: 0, 4: 0}",1
82,False,"{'e': 0.22447296549695234, 'a': 0.54}",20,12,-0.30730107902370896,"{0: 6, 1: 2, 2: 0, 3: 0, 4: 0}",1
83,False,"{'e': 0.22046859952901599, 'a': 0.54}",25,0,14.428362639176806,"{0: 23, 1: 1, 2: 1, 3: 0, 4: 0}",0
84,False,"{'e': 0.2165356673160071, 'a': 0.54}",25,14,-31.949030536853154,"{0: 9, 1: 0, 2: 1, 3: 0, 4: 1}",1
85,False,"{'e': 0.2126728945534831, 'a': 0.54}",25,16,-2.7215577632777346,"{0: 7, 1: 1, 2: 1, 3: 0, 4: 0}",1
86,False,"{'e': 0.208879029669277, 'a': 0.54}",25,14,-30.193199486870938,"{0: 9, 1: 0, 2: 1, 3: 0, 4: 1}",1
87,False,"{'e': 0.2051528434179772, 'a': 0.54}",35,16,27.112722136743535,"{0: 18, 1: 1, 2: 0, 3: 0, 4: 0}",1
88,False,"{'e': 0.2014931284826413, 'a': 0.54}",20,10,-31.080192273584636,"{0: 8, 1: 1, 2: 0, 3: 0, 4: 1}",1
89,False,"{'e': 0.1978986990836147, 'a': 0.54}",30,20,6.312156667982712,"{0: 9, 1: 0, 2: 1, 3: 0, 4: 0}",1
90,False,"{'e': 0.1943683905943277, 'a': 0.54}",35,23,22.82943779260346,"{0: 12, 1: 0, 2: 0, 3: 0, 4: 0}",1
91,False,"{'e': 0.19090105916394634, 'a': 0.54}",20,10,15.04184047057122,"{0: 10, 1: 0, 2: 0, 3: 0, 4: 0}",1
92,False,"{'e': 0.18749558134675456, 'a': 0.54}",20,10,-48.26326664347319,"{0: 7, 1: 1, 2: 0, 3: 1, 4: 1}",1
93,False,"{'e': 0.1841508537381482, 'a': 0.54}",25,20,10.627269495468724,"{0: 5, 1: 0, 2: 0, 3: 0, 4: 0}",1
94,False,"{'e': 0.1808657926171221, 'a': 0.54}",20,0,-74.18848272765969,"{0: 16, 1: 1, 2: 1, 3: 0, 4: 2}",0
95,False,"{'e': 0.17763933359513498, 'a': 0.54}",30,24,9.790831817388787,"{0: 6, 1: 0, 2: 0, 3: 0, 4: 0}",1
96,False,"{'e': 0.17447043127123835, 'a': 0.54}",30,23,12.493549355970277,"{0: 7, 1: 0, 2: 0, 3: 0, 4: 0}",1
97,False,"{'e': 0.17135805889335742, 'a': 0.54}",25,19,-12.252471876082883,"{0: 5, 1: 0, 2: 0, 3: 1, 4: 0}",1
98,False,"{'e': 0.1683012080256144, 'a': 0.54}",30,11,-44.36906376457456,"{0: 16, 1: 1, 2: 0, 3: 1, 4: 1}",1
99,False,"{'e': 0.16529888822158656, 'a': 0.54}",25,10,-18.490332765242147,"{0: 14, 1: 0, 2: 0, 3: 0, 4: 1}",1
100,False,"{'e': 0.16235012670339283, 'a': 0.54}",25,17,17.402187457623832,"{0: 8, 1: 0, 2: 0, 3: 0, 4: 0}",1
101,False,"{'e': 0.15945396804650522, 'a': 0.54}",25,2,31.48728918819872,"{0: 22, 1: 1, 2: 0, 3: 0, 4: 0}",1
102,False,"{'e': 0.15660947387018306, 'a': 0.54}",20,0,-10.660743100504526,"{0: 19, 1: 0, 2: 0, 3: 0, 4: 1}",0
103,False,"{'e': 0.15381572253342932, 'a': 0.54}",20,13,9.152238736913226,"{0: 7, 1: 0, 2: 0, 3: 0, 4: 0}",1
104,False,"{'e': 0.15107180883637086, 'a': 0.54}",25,11,27.0685174557201,"{0: 14, 1: 0, 2: 0, 3: 0, 4: 0}",1
105,False,"{'e': 0.14837684372696586, 'a': 0.54}",20,7,25.04188549146714,"{0: 13, 1: 0, 2: 0, 3: 0, 4: 0}",1
106,False,"{'e': 0.14572995401294303, 'a': 0.54}",20,15,8.155728193866501,"{0: 5, 1: 0, 2: 0, 3: 0, 4: 0}",1
107,False,"{'e': 0.14313028207887982, 'a': 0.54}",25,8,33.083642785531666,"{0: 17, 1: 0, 2: 0, 3: 0, 4: 0}",1
108,False,"{'e': 0.14057698560832743, 'a': 0.54}",25,5,19.07925156001766,"{0: 18, 1: 1, 2: 1, 3: 0, 4: 0}",1
109,False,"{'e': 0.13806923731089285, 'a': 0.54}",20,5,17.14229441936501,"{0: 15, 1: 0, 2: 0, 3: 0, 4: 0}",1
110,False,"{'e': 0.13560622465418973, 'a': 0.54}",20,5,-18.430452868996486,"{0: 12, 1: 1, 2: 1, 3: 1, 4: 0}",1
111,False,"{'e': 0.1331871496005706, 'a': 0.54}",20,14,9.196004173111284,"{0: 6, 1: 0, 2: 0, 3: 0, 4: 0}",1
112,False,"{'e': 0.13081122834855588, 'a': 0.54}",25,9,7.70999853619887,"{0: 14, 1: 1, 2: 1, 3: 0, 4: 0}",1
113,False,"{'e': 0.12847769107887502, 'a': 0.54}",20,2,-15.087682446597903,"{0: 17, 1: 0, 2: 0, 3: 0, 4: 1}",1
114,False,"{'e': 0.12618578170503877, 'a': 0.54}",20,1,-1.2134119856961285,"{0: 17, 1: 0, 2: 1, 3: 1, 4: 0}",1
115,False,"{'e': 0.12393475762836008, 'a': 0.54}",25,16,16.324392002534577,"{0: 9, 1: 0, 2: 0, 3: 0, 4: 0}",1
116,False,"{'e': 0.12172388949734589, 'a': 0.54}",25,0,36.465802654963646,"{0: 25, 1: 0, 2: 0, 3: 0, 4: 0}",0
117,False,"{'e': 0.11955246097138099, 'a': 0.54}",25,4,20.6007244506868,"{0: 19, 1: 1, 2: 1, 3: 0, 4: 0}",1
118,False,"{'e': 0.11741976848862698, 'a': 0.54}",20,4,-24.303907282691796,"{0: 14, 1: 1, 2: 0, 3: 0, 4: 1}",1
119,False,"{'e': 0.11532512103806256, 'a': 0.54}",30,18,22.224777974904878,"{0: 12, 1: 0, 2: 0, 3: 0, 4: 0}",1
120,False,"{'e': 0.11326783993558948, 'a': 0.54}",20,9,-24.704778902361063,"{0: 10, 1: 0, 2: 0, 3: 0, 4: 1}",1
121,False,"{'e': 0.11124725860413336, 'a': 0.54}",30,17,12.837901624751932,"{0: 12, 1: 0, 2: 1, 3: 0, 4: 0}",1
122,False,"{'e': 0.10926272235766643, 'a': 0.54}",20,12,15.203691509093566,"{0: 8, 1: 0, 2: 0, 3: 0, 4: 0}",1
123,False,"{'e': 0.10731358818908407, 'a': 0.54}",20,6,20.41064970200107,"{0: 14, 1: 0, 2: 0, 3: 0, 4: 0}",1
124,False,"{'e': 0.10539922456186433, 'a': 0.54}",20,13,12.511677701423638,"{0: 7, 1: 0, 2: 0, 3: 0, 4: 0}",1
125,False,"{'e': 0.10351901120544506, 'a': 0.54}",20,5,26.486232556277947,"{0: 15, 1: 0, 2: 0, 3: 0, 4: 0}",1
126,False,"{'e': 0.1016723389142504, 'a': 0.54}",30,18,18.102803470047586,"{0: 12, 1: 0, 2: 0, 3: 0, 4: 0}",1
127,False,"{'e': 0.09985860935030323, 'a': 0.54}",20,9,19.320531924697185,"{0: 11, 1: 0, 2: 0, 3: 0, 4: 0}",1
128,False,"{'e': 0.0980772348493581, 'a': 0.54}",20,3,29.854165905513995,"{0: 17, 1: 0, 2: 0, 3: 0, 4: 0}",1
129,False,"{'e': 0.09632763823049303, 'a': 0.54}",30,11,9.501873065829535,"{0: 18, 1: 0, 2: 0, 3: 1, 4: 0}",1
130,False,"{'e': 0.09460925260909797, 'a': 0.54}",20,6,9.687666337273685,"{0: 13, 1: 0, 2: 1, 3: 0, 4: 0}",1
131,False,"{'e': 0.0929215212131989, 'a': 0.54}",25,10,22.432632577840256,"{0: 15, 1: 0, 2: 0, 3: 0, 4: 0}",1
132,False,"{'e': 0.09126389720305919, 'a': 0.54}",25,6,-16.593766638053378,"{0: 18, 1: 0, 2: 0, 3: 0, 4: 1}",1
133,False,"{'e': 0.08963584349399842, 'a': 0.54}",20,11,19.61295760187921,"{0: 9, 1: 0, 2: 0, 3: 0, 4: 0}",1
134,False,"{'e': 0.08803683258237259, 'a': 0.54}",20,8,8.25473261315355,"{0: 11, 1: 0, 2: 1, 3: 0, 4: 0}",1
135,False,"{'e': 0.08646634637465792, 'a': 0.54}",25,7,19.29339970612789,"{0: 17, 1: 1, 2: 0, 3: 0, 4: 0}",1
136,False,"{'e': 0.08492387601958445, 'a': 0.54}",30,11,-8.799630321370287,"{0: 17, 1: 0, 2: 0, 3: 2, 4: 0}",1
137,False,"{'e': 0.08340892174326339, 'a': 0.54}",30,16,25.268010189052998,"{0: 14, 1: 0, 2: 0, 3: 0, 4: 0}",1
138,False,"{'e': 0.0819209926872563, 'a': 0.54}",20,12,14.002304050072151,"{0: 8, 1: 0, 2: 0, 3: 0, 4: 0}",1
139,False,"{'e': 0.08045960674953244, 'a': 0.54}",20,10,-26.034004498404617,"{0: 9, 1: 0, 2: 0, 3: 0, 4: 1}",1
140,False,"{'e': 0.07902429042826369, 'a': 0.54}",20,8,-2.7948817554047922,"{0: 10, 1: 0, 2: 2, 3: 0, 4: 0}",1
141,False,"{'e': 0.07761457866840567, 'a': 0.54}",20,1,-14.33042076953413,"{0: 18, 1: 0, 2: 0, 3: 0, 4: 1}",1
142,False,"{'e': 0.07623001471101583, 'a': 0.54}",20,3,27.752085035674405,"{0: 17, 1: 0, 2: 0, 3: 0, 4: 0}",1
143,False,"{'e': 0.07487014994525978, 'a': 0.54}",20,9,18.34914051562145,"{0: 11, 1: 0, 2: 0, 3: 0, 4: 0}",1
144,False,"{'e': 0.0735345437630571, 'a': 0.54}",25,1,41.08676364283545,"{0: 24, 1: 0, 2: 0, 3: 0, 4: 0}",1
145,False,"{'e': 0.07222276341632082, 'a': 0.54}",20,9,7.23671729703381,"{0: 10, 1: 0, 2: 1, 3: 0, 4: 0}",1
146,False,"{'e': 0.07093438387674295, 'a': 0.54}",20,0,19.213894518006583,"{0: 19, 1: 0, 2: 1, 3: 0, 4: 0}",0
147,False,"{'e': 0.06966898769808187, 'a': 0.54}",20,13,10.937808249105572,"{0: 7, 1: 0, 2: 0, 3: 0, 4: 0}",1
148,False,"{'e': 0.06842616488090583, 'a': 0.54}",25,0,34.8217702386708,"{0: 25, 1: 0, 2: 0, 3: 0, 4: 0}",0
149,False,"{'e': 0.06720551273974978, 'a': 0.54}",30,16,17.56396719788987,"{0: 13, 1: 1, 2: 0, 3: 0, 4: 0}",1
150,False,"{'e': 0.06600663577264156, 'a': 0.54}",25,5,34.649116824620656,"{0: 20, 1: 0, 2: 0, 3: 0, 4: 0}",1
151,False,"{'e': 0.06482914553295599, 'a': 0.54}",30,19,-1.059975529328768,"{0: 9, 1: 0, 2: 2, 3: 0, 4: 0}",1
152,False,"{'e': 0.06367266050355457, 'a': 0.54}",35,28,13.413955560851983,"{0: 7, 1: 0, 2: 0, 3: 0, 4: 0}",1
153,False,"{'e': 0.06253680597317077, 'a': 0.54}",25,3,-14.857599102049031,"{0: 20, 1: 1, 2: 0, 3: 0, 4: 1}",1
154,False,"{'e': 0.061421213915000154, 'a': 0.54}",20,10,17.97752703191314,"{0: 10, 1: 0, 2: 0, 3: 0, 4: 0}",1
155,False,"{'e': 0.060325522867456564, 'a': 0.54}",25,12,12.71356305632013,"{0: 12, 1: 0, 2: 1, 3: 0, 4: 0}",1
156,False,"{'e': 0.05924937781705543, 'a': 0.54}",20,10,-1.7013140597457594,"{0: 9, 1: 0, 2: 0, 3: 1, 4: 0}",1
157,False,"{'e': 0.05819243008338615, 'a': 0.54}",20,7,17.33753981665064,"{0: 12, 1: 1, 2: 0, 3: 0, 4: 0}",1
158,False,"{'e': 0.05715433720613679, 'a': 0.54}",25,15,20.132395005703906,"{0: 10, 1: 0, 2: 0, 3: 0, 4: 0}",1
159,False,"{'e': 0.056134762834133725, 'a': 0.54}",25,9,-68.85864409419946,"{0: 13, 1: 0, 2: 1, 3: 0, 4: 2}",1
160,False,"{'e': 0.05513337661636116, 'a': 0.54}",25,3,31.06407704403357,"{0: 22, 1: 0, 2: 0, 3: 0, 4: 0}",1
161,False,"{'e': 0.05414985409492427, 'a': 0.54}",25,9,-34.03591619587537,"{0: 14, 1: 0, 2: 0, 3: 1, 4: 1}",1
162,False,"{'e': 0.053183876599922186, 'a': 0.54}",20,5,26.188940865662985,"{0: 15, 1: 0, 2: 0, 3: 0, 4: 0}",1
163,False,"{'e': 0.05223513114619603, 'a': 0.54}",20,11,-15.191448049275351,"{0: 7, 1: 0, 2: 1, 3: 1, 4: 0}",1
164,False,"{'e': 0.051303310331919136, 'a': 0.54}",20,8,21.038292050378285,"{0: 12, 1: 0, 2: 0, 3: 0, 4: 0}",1
165,False,"{'e': 0.05038811223899596, 'a': 0.54}",25,14,21.037442999937678,"{0: 11, 1: 0, 2: 0, 3: 0, 4: 0}",1
166,False,"{'e': 0.04948924033523821, 'a': 0.54}",25,13,24.26670939776233,"{0: 12, 1: 0, 2: 0, 3: 0, 4: 0}",1
167,False,"{'e': 0.048606403378285624, 'a': 0.54}",35,23,23.63686815229427,"{0: 12, 1: 0, 2: 0, 3: 0, 4: 0}",1
168,False,"{'e': 0.047739315321240997, 'a': 0.54}",35,3,41.29405543349212,"{0: 32, 1: 0, 2: 0, 3: 0, 4: 0}",1
169,False,"{'e': 0.04688769521998851, 'a': 0.54}",25,8,27.62791201993862,"{0: 17, 1: 0, 2: 0, 3: 0, 4: 0}",1
170,False,"{'e': 0.046051267142165266, 'a': 0.54}",25,11,20.49052095297907,"{0: 13, 1: 1, 2: 0, 3: 0, 4: 0}",1
171,False,"{'e': 0.045229760077756934, 'a': 0.54}",20,8,21.330642026085037,"{0: 12, 1: 0, 2: 0, 3: 0, 4: 0}",1
172,False,"{'e': 0.044422907851287996, 'a': 0.54}",25,8,21.83657582429545,"{0: 16, 1: 1, 2: 0, 3: 0, 4: 0}",1
173,False,"{'e': 0.043630449035578694, 'a': 0.54}",25,13,20.67162791294424,"{0: 12, 1: 0, 2: 0, 3: 0, 4: 0}",1
174,False,"{'e': 0.04285212686704019, 'a': 0.54}",20,5,21.24501465299266,"{0: 15, 1: 0, 2: 0, 3: 0, 4: 0}",1
175,False,"{'e': 0.04208768916248107, 'a': 0.54}",20,11,17.650644433717535,"{0: 9, 1: 0, 2: 0, 3: 0, 4: 0}",1
176,False,"{'e': 0.041336888237397666, 'a': 0.54}",20,5,1.2774638982191497,"{0: 14, 1: 0, 2: 0, 3: 1, 4: 0}",1
177,False,"{'e': 0.04059948082572219, 'a': 0.54}",20,12,15.821799779536144,"{0: 8, 1: 0, 2: 0, 3: 0, 4: 0}",1
178,False,"{'e': 0.039875228001002336, 'a': 0.54}",30,22,12.689450101076552,"{0: 8, 1: 0, 2: 0, 3: 0, 4: 0}",1
179,False,"{'e': 0.03916389509898708, 'a': 0.54}",25,8,-12.15440035362264,"{0: 16, 1: 0, 2: 0, 3: 0, 4: 1}",1
180,False,"{'e': 0.038465251641593354, 'a': 0.54}",30,12,-6.527767096800124,"{0: 17, 1: 0, 2: 0, 3: 0, 4: 1}",1
181,False,"{'e': 0.03777907126222914, 'a': 0.54}",20,0,34.3573223095571,"{0: 20, 1: 0, 2: 0, 3: 0, 4: 0}",0
182,False,"{'e': 0.037105131632448794, 'a': 0.54}",25,15,-67.00847154801504,"{0: 8, 1: 0, 2: 0, 3: 0, 4: 2}",1
183,False,"{'e': 0.03644321438991654, 'a': 0.54}",30,2,-6.073476799303327,"{0: 26, 1: 0, 2: 1, 3: 0, 4: 1}",1
184,False,"{'e': 0.03579310506765532, 'a': 0.54}",20,10,18.860406746466047,"{0: 10, 1: 0, 2: 0, 3: 0, 4: 0}",1
185,False,"{'e': 0.03515459302455746, 'a': 0.54}",30,1,43.65031092664329,"{0: 29, 1: 0, 2: 0, 3: 0, 4: 0}",1
186,False,"{'e': 0.03452747137713528, 'a': 0.54}",20,0,26.11594518968825,"{0: 20, 1: 0, 2: 0, 3: 0, 4: 0}",0
187,False,"{'e': 0.033911536932488856, 'a': 0.54}",25,19,9.436923051672451,"{0: 6, 1: 0, 2: 0, 3: 0, 4: 0}",1
188,False,"{'e': 0.033306590122469906, 'a': 0.54}",20,14,9.482507734166845,"{0: 6, 1: 0, 2: 0, 3: 0, 4: 0}",1
189,False,"{'e': 0.03271243493901982, 'a': 0.54}",25,8,27.979763256026374,"{0: 17, 1: 0, 2: 0, 3: 0, 4: 0}",1
190,False,"{'e': 0.03212887887066145, 'a': 0.54}",20,11,16.890254012108272,"{0: 9, 1: 0, 2: 0, 3: 0, 4: 0}",1
191,False,"{'e': 0.031555732840123654, 'a': 0.54}",20,6,24.596186354294865,"{0: 14, 1: 0, 2: 0, 3: 0, 4: 0}",1
192,False,"{'e': 0.030992811143078575, 'a': 0.54}",25,14,14.572395369029604,"{0: 11, 1: 0, 2: 0, 3: 0, 4: 0}",1
193,False,"{'e': 0.030439931387971905, 'a': 0.54}",25,13,25.813025289236272,"{0: 12, 1: 0, 2: 0, 3: 0, 4: 0}",1
194,False,"{'e': 0.02989691443692632, 'a': 0.54}",20,0,23.114503536838157,"{0: 19, 1: 1, 2: 0, 3: 0, 4: 0}",0
195,False,"{'e': 0.029363584347699347, 'a': 0.54}",20,13,14.350666226396715,"{0: 7, 1: 0, 2: 0, 3: 0, 4: 0}",1
196,False,"{'e': 0.028839768316676423, 'a': 0.54}",25,20,9.98854495445811,"{0: 5, 1: 0, 2: 0, 3: 0, 4: 0}",1
197,False,"{'e': 0.028325296622881135, 'a': 0.54}",30,8,36.2652331145502,"{0: 22, 1: 0, 2: 0, 3: 0, 4: 0}",1
198,False,"{'e': 0.027820002572984018, 'a': 0.54}",30,0,34.65917946252248,"{0: 30, 1: 0, 2: 0, 3: 0, 4: 0}",0
199,False,"{'e': 0.02732372244729257, 'a': 0.54}",25,9,-21.23776465310308,"{0: 14, 1: 1, 2: 0, 3: 0, 4: 1}",1
200,False,"{'e': 0.02683629544670454, 'a': 0.54}",20,12,17.51662212956688,"{0: 8, 1: 0, 2: 0, 3: 0, 4: 0}",1
201,False,"{'e': 0.0263575636406077, 'a': 0.54}",20,0,16.190153037756584,"{0: 19, 1: 0, 2: 1, 3: 0, 4: 0}",0
202,False,"{'e': 0.025887371915708866, 'a': 0.54}",20,11,14.593045279449509,"{0: 9, 1: 0, 2: 0, 3: 0, 4: 0}",1
203,False,"{'e': 0.025425567925775903, 'a': 0.54}",30,18,19.892403436835355,"{0: 12, 1: 0, 2: 0, 3: 0, 4: 0}",1
204,False,"{'e': 0.024972002042276165, 'a': 0.54}",30,22,-34.510171778515954,"{0: 6, 1: 1, 2: 0, 3: 0, 4: 1}",1
205,False,"{'e': 0.024526527305895548, 'a': 0.54}",25,2,14.073359735565468,"{0: 21, 1: 0, 2: 2, 3: 0, 4: 0}",1
206,False,"{'e': 0.024088999378922428, 'a': 0.54}",25,8,26.08238421214487,"{0: 17, 1: 0, 2: 0, 3: 0, 4: 0}",1
207,False,"{'e': 0.023659276498480913, 'a': 0.54}",25,17,13.00811894614413,"{0: 8, 1: 0, 2: 0, 3: 0, 4: 0}",1
208,False,"{'e': 0.023237219430598498, 'a': 0.54}",20,2,26.644170732671817,"{0: 18, 1: 0, 2: 0, 3: 0, 4: 0}",1
209,False,"{'e': 0.02282269142509298, 'a': 0.54}",25,10,24.394500107466683,"{0: 15, 1: 0, 2: 0, 3: 0, 4: 0}",1
210,False,"{'e': 0.022415558171264265, 'a': 0.54}",20,0,6.959293554992611,"{0: 18, 1: 1, 2: 1, 3: 0, 4: 0}",0
211,False,"{'e': 0.02201568775437645, 'a': 0.54}",30,9,35.53967216865498,"{0: 21, 1: 0, 2: 0, 3: 0, 4: 0}",1
212,False,"{'e': 0.021622950612916376, 'a': 0.54}",20,16,6.850909677960222,"{0: 4, 1: 0, 2: 0, 3: 0, 4: 0}",1
213,False,"{'e': 0.021237219496614494, 'a': 0.54}",30,20,16.710437961166324,"{0: 10, 1: 0, 2: 0, 3: 0, 4: 0}",1
214,False,"{'e': 0.020858369425214726, 'a': 0.54}",35,13,27.279973870511853,"{0: 21, 1: 0, 2: 1, 3: 0, 4: 0}",1
215,False,"{'e': 0.020486277647979705, 'a': 0.54}",20,0,28.911588656166018,"{0: 20, 1: 0, 2: 0, 3: 0, 4: 0}",0
216,False,"{'e': 0.020120823603918533, 'a': 0.54}",20,0,31.13224528502596,"{0: 20, 1: 0, 2: 0, 3: 0, 4: 0}",0
217,False,"{'e': 0.019761888882723896, 'a': 0.54}",20,9,15.629031885200128,"{0: 10, 1: 1, 2: 0, 3: 0, 4: 0}",1
218,False,"{'e': 0.019409357186406122, 'a': 0.54}",20,7,-1.5323992430614388,"{0: 12, 1: 0, 2: 0, 3: 1, 4: 0}",1
219,False,"{'e': 0.019063114291611644, 'a': 0.54}",30,13,30.403018221521716,"{0: 17, 1: 0, 2: 0, 3: 0, 4: 0}",1
220,False,"{'e': 0.018723048012613566, 'a': 0.54}",25,7,27.333644132020705,"{0: 18, 1: 0, 2: 0, 3: 0, 4: 0}",1
221,False,"{'e': 0.018389048164962573, 'a': 0.54}",30,17,22.041189227481667,"{0: 13, 1: 0, 2: 0, 3: 0, 4: 0}",1
222,False,"{'e': 0.01806100652978616, 'a': 0.54}",25,13,11.36013658837717,"{0: 11, 1: 0, 2: 1, 3: 0, 4: 0}",1
223,False,"{'e': 0.017738816818724773, 'a': 0.54}",20,10,15.642432696871612,"{0: 10, 1: 0, 2: 0, 3: 0, 4: 0}",1
224,False,"{'e': 0.017422374639493515, 'a': 0.54}",20,13,14.112164847867113,"{0: 7, 1: 0, 2: 0, 3: 0, 4: 0}",1
225,False,"{'e': 0.01711157746205803, 'a': 0.54}",20,9,21.27847096926633,"{0: 11, 1: 0, 2: 0, 3: 0, 4: 0}",1
226,False,"{'e': 0.01680632458541395, 'a': 0.54}",25,0,-17.589136492046997,"{0: 23, 1: 0, 2: 1, 3: 0, 4: 1}",0
227,False,"{'e': 0.016506517104958845, 'a': 0.54}",30,13,6.7921642350170295,"{0: 15, 1: 1, 2: 1, 3: 0, 4: 0}",1
228,False,"{'e': 0.016212057880446332, 'a': 0.54}",25,9,24.53107973592296,"{0: 16, 1: 0, 2: 0, 3: 0, 4: 0}",1
229,False,"{'e': 0.015922851504511698, 'a': 0.54}",20,6,24.891810001207226,"{0: 14, 1: 0, 2: 0, 3: 0, 4: 0}",1
230,False,"{'e': 0.015638804271759132, 'a': 0.54}",20,0,10.416488916387891,"{0: 19, 1: 0, 2: 0, 3: 1, 4: 0}",0
231,False,"{'e': 0.015359824148400357, 'a': 0.54}",25,11,25.119821106777593,"{0: 14, 1: 0, 2: 0, 3: 0, 4: 0}",1
232,False,"{'e': 0.01508582074243484, 'a': 0.54}",20,0,27.502088147757892,"{0: 20, 1: 0, 2: 0, 3: 0, 4: 0}",0
233,False,"{'e': 0.014816705274362072, 'a': 0.54}",20,0,27.674856383975172,"{0: 20, 1: 0, 2: 0, 3: 0, 4: 0}",0
234,False,"{'e': 0.014552390548416136, 'a': 0.54}",25,17,14.590796104883482,"{0: 8, 1: 0, 2: 0, 3: 0, 4: 0}",1
235,False,"{'e': 0.014292790924313573, 'a': 0.54}",20,16,8.52820622711647,"{0: 4, 1: 0, 2: 0, 3: 0, 4: 0}",1
236,False,"{'e': 0.014037822289505161, 'a': 0.54}",20,0,26.59660264657522,"{0: 20, 1: 0, 2: 0, 3: 0, 4: 0}",0
237,False,"{'e': 0.013787402031922757, 'a': 0.54}",20,15,5.406466699271873,"{0: 5, 1: 0, 2: 0, 3: 0, 4: 0}",1
238,False,"{'e': 0.01354144901321219, 'a': 0.54}",30,9,-10.875679154224002,"{0: 20, 1: 0, 2: 0, 3: 0, 4: 1}",1
239,False,"{'e': 0.01329988354244378, 'a': 0.54}",20,7,20.71770162371522,"{0: 13, 1: 0, 2: 0, 3: 0, 4: 0}",1
240,False,"{'e': 0.013062627350291747, 'a': 0.54}",20,0,28.335619244660204,"{0: 20, 1: 0, 2: 0, 3: 0, 4: 0}",0
241,False,"{'e': 0.01282960356367432, 'a': 0.54}",20,7,-15.323089886259385,"{0: 12, 1: 0, 2: 0, 3: 0, 4: 1}",1
242,False,"{'e': 0.012600736680846106, 'a': 0.54}",20,13,7.653473355139091,"{0: 7, 1: 0, 2: 0, 3: 0, 4: 0}",1
243,False,"{'e': 0.012375952546934922, 'a': 0.54}",20,11,15.540732535964478,"{0: 9, 1: 0, 2: 0, 3: 0, 4: 0}",1
244,False,"{'e': 0.012155178329914947, 'a': 0.54}",25,12,20.499382869389553,"{0: 13, 1: 0, 2: 0, 3: 0, 4: 0}",1
245,False,"{'e': 0.011938342497008501, 'a': 0.54}",25,0,31.116227622659927,"{0: 24, 1: 1, 2: 0, 3: 0, 4: 0}",0
246,False,"{'e': 0.011725374791508845, 'a': 0.54}",20,12,15.049987382094871,"{0: 8, 1: 0, 2: 0, 3: 0, 4: 0}",1
247,False,"{'e': 0.011516206210016325, 'a': 0.54}",20,0,29.3058527732777,"{0: 20, 1: 0, 2: 0, 3: 0, 4: 0}",0
248,False,"{'e': 0.01131076898008071, 'a': 0.54}",25,11,26.90643390764283,"{0: 14, 1: 0, 2: 0, 3: 0, 4: 0}",1
249,False,"{'e': 0.011108996538242306, 'a': 0.54}",20,0,25.97576948382876,"{0: 20, 1: 0, 2: 0, 3: 0, 4: 0}",0
250,False,"{'e': 0.010910823508464855, 'a': 0.54}",20,6,19.30367421592956,"{0: 14, 1: 0, 2: 0, 3: 0, 4: 0}",1
251,False,"{'e': 0.010716185680953061, 'a': 0.54}",30,19,18.73716630177895,"{0: 11, 1: 0, 2: 0, 3: 0, 4: 0}",1
252,False,"{'e': 0.010525019991348101, 'a': 0.54}",20,9,19.45463885040763,"{0: 11, 1: 0, 2: 0, 3: 0, 4: 0}",1
253,False,"{'e': 0.010337264500294195, 'a': 0.54}",20,10,17.653093022098197,"{0: 10, 1: 0, 2: 0, 3: 0, 4: 0}",1
254,False,"{'e': 0.010152858373369763, 'a': 0.54}",20,16,8.836186266678219,"{0: 4, 1: 0, 2: 0, 3: 0, 4: 0}",1
255,False,"{'e': 0.009971741861376466, 'a': 0.54}",20,2,-16.419895703582025,"{0: 17, 1: 0, 2: 0, 3: 0, 4: 1}",1
256,False,"{'e': 0.009793856280979996, 'a': 0.54}",20,15,11.87984567828494,"{0: 5, 1: 0, 2: 0, 3: 0, 4: 0}",1
257,False,"{'e': 0.009619143995696142, 'a': 0.54}",25,5,31.721842944193195,"{0: 20, 1: 0, 2: 0, 3: 0, 4: 0}",1
258,False,"{'e': 0.009447548397216066, 'a': 0.54}",25,17,15.436800687448027,"{0: 8, 1: 0, 2: 0, 3: 0, 4: 0}",1
259,False,"{'e': 0.009279013887064744, 'a': 0.54}",20,0,30.706976375919364,"{0: 20, 1: 0, 2: 0, 3: 0, 4: 0}",0
260,False,"{'e': 0.009113485858586519, 'a': 0.54}",25,3,37.18929340186339,"{0: 22, 1: 0, 2: 0, 3: 0, 4: 0}",1
261,False,"{'e': 0.008950910679252112, 'a': 0.54}",25,11,24.266131270414334,"{0: 14, 1: 0, 2: 0, 3: 0, 4: 0}",1
262,False,"{'e': 0.008791235673281187, 'a': 0.54}",25,5,35.18108915202961,"{0: 20, 1: 0, 2: 0, 3: 0, 4: 0}",1
263,False,"{'e': 0.008634409104574973, 'a': 0.54}",25,17,16.677190861706933,"{0: 8, 1: 0, 2: 0, 3: 0, 4: 0}",1
264,False,"{'e': 0.008480380159953269, 'a': 0.54}",20,6,24.97231577666875,"{0: 14, 1: 0, 2: 0, 3: 0, 4: 0}",1
265,False,"{'e': 0.008329098932690555, 'a': 0.54}",25,8,34.135415623767244,"{0: 17, 1: 0, 2: 0, 3: 0, 4: 0}",1
266,False,"{'e': 0.00818051640634577, 'a': 0.54}",30,8,16.706147752400078,"{0: 21, 1: 0, 2: 0, 3: 1, 4: 0}",1
267,False,"{'e': 0.00803458443888058, 'a': 0.54}",20,10,18.164076856264955,"{0: 10, 1: 0, 2: 0, 3: 0, 4: 0}",1
268,False,"{'e': 0.00789125574706089, 'a': 0.54}",20,9,17.94522380061731,"{0: 11, 1: 0, 2: 0, 3: 0, 4: 0}",1
269,False,"{'e': 0.007750483891136699, 'a': 0.54}",20,4,24.499514504890527,"{0: 16, 1: 0, 2: 0, 3: 0, 4: 0}",1
270,False,"{'e': 0.007612223259795201, 'a': 0.54}",25,12,4.366084045797251,"{0: 12, 1: 0, 2: 0, 3: 1, 4: 0}",1
271,False,"{'e': 0.007476429055382319, 'a': 0.54}",30,4,5.259141095226438,"{0: 24, 1: 0, 2: 1, 3: 1, 4: 0}",1
272,False,"{'e': 0.007343057279387895, 'a': 0.54}",20,10,20.925587657969672,"{0: 10, 1: 0, 2: 0, 3: 0, 4: 0}",1
273,False,"{'e': 0.007212064718189751, 'a': 0.54}",35,18,34.21786085590359,"{0: 17, 1: 0, 2: 0, 3: 0, 4: 0}",1
274,False,"{'e': 0.007083408929052125, 'a': 0.54}",25,9,25.727369572272572,"{0: 16, 1: 0, 2: 0, 3: 0, 4: 0}",1
275,False,"{'e': 0.006957048226373836, 'a': 0.54}",25,13,24.89860517843865,"{0: 12, 1: 0, 2: 0, 3: 0, 4: 0}",1
276,False,"{'e': 0.006832941668181813, 'a': 0.54}",20,16,5.242168742279853,"{0: 4, 1: 0, 2: 0, 3: 0, 4: 0}",1
277,False,"{'e': 0.0067110490428655, 'a': 0.54}",25,11,-12.451114840810927,"{0: 13, 1: 0, 2: 0, 3: 0, 4: 1}",1
278,False,"{'e': 0.006591330856147967, 'a': 0.54}",25,0,-46.93869321997567,"{0: 21, 1: 2, 2: 0, 3: 1, 4: 1}",0
279,False,"{'e': 0.006473748318289405, 'a': 0.54}",20,12,-27.22216707430761,"{0: 7, 1: 0, 2: 0, 3: 0, 4: 1}",1
280,False,"{'e': 0.006358263331518937, 'a': 0.54}",25,16,-29.74492943189138,"{0: 8, 1: 0, 2: 0, 3: 0, 4: 1}",1
281,False,"{'e': 0.0062448384776905685, 'a': 0.54}",25,17,15.181275831092837,"{0: 8, 1: 0, 2: 0, 3: 0, 4: 0}",1
282,False,"{'e': 0.006133437006159409, 'a': 0.54}",20,3,27.52251878696552,"{0: 17, 1: 0, 2: 0, 3: 0, 4: 0}",1
283,False,"{'e': 0.006024022821874132, 'a': 0.54}",25,0,36.85955470324365,"{0: 25, 1: 0, 2: 0, 3: 0, 4: 0}",0
284,False,"{'e': 0.005916560473681857, 'a': 0.54}",20,0,33.37544866948397,"{0: 20, 1: 0, 2: 0, 3: 0, 4: 0}",0
285,False,"{'e': 0.005811015142841691, 'a': 0.54}",25,14,-24.314006408500372,"{0: 10, 1: 0, 2: 0, 3: 0, 4: 1}",1
286,False,"{'e': 0.005707352631743114, 'a': 0.54}",20,0,11.656591226283478,"{0: 19, 1: 0, 2: 1, 3: 0, 4: 0}",0
287,False,"{'e': 0.005605539352825682, 'a': 0.54}",20,16,5.641881180088387,"{0: 4, 1: 0, 2: 0, 3: 0, 4: 0}",1
288,False,"{'e': 0.00550554231769635, 'a': 0.54}",20,10,12.739990260169485,"{0: 10, 1: 0, 2: 0, 3: 0, 4: 0}",1
289,False,"{'e': 0.00540732912644096, 'a': 0.54}",30,10,33.28064908511084,"{0: 20, 1: 0, 2: 0, 3: 0, 4: 0}",1
290,False,"{'e': 0.005310867957126362, 'a': 0.54}",20,7,21.274885411757698,"{0: 13, 1: 0, 2: 0, 3: 0, 4: 0}",1
291,False,"{'e': 0.005216127555489849, 'a': 0.54}",25,16,5.167143609840124,"{0: 8, 1: 0, 2: 1, 3: 0, 4: 0}",1
292,False,"{'e': 0.005123077224812486, 'a': 0.54}",20,7,21.129084112910647,"{0: 13, 1: 0, 2: 0, 3: 0, 4: 0}",1
293,False,"{'e': 0.005031686815973131, 'a': 0.54}",20,9,23.503742882264724,"{0: 11, 1: 0, 2: 0, 3: 0, 4: 0}",1
294,False,"{'e': 0.004941926717679822, 'a': 0.54}",30,11,35.910985011958175,"{0: 19, 1: 0, 2: 0, 3: 0, 4: 0}",1
295,False,"{'e': 0.004853767846875483, 'a': 0.54}",20,6,23.632445365065056,"{0: 14, 1: 0, 2: 0, 3: 0, 4: 0}",1
296,False,"{'e': 0.004767181639314752, 'a': 0.54}",30,17,26.005998247783204,"{0: 13, 1: 0, 2: 0, 3: 0, 4: 0}",1
297,False,"{'e': 0.00468214004030891, 'a': 0.54}",20,0,7.6212160323258145,"{0: 19, 1: 0, 2: 0, 3: 1, 4: 0}",0
298,False,"{'e': 0.004598615495635935, 'a': 0.54}",20,5,18.41309692566982,"{0: 14, 1: 1, 2: 0, 3: 0, 4: 0}",1
299,False,"{'e': 0.00451658094261267, 'a': 0.54}",35,17,34.6284601827314,"{0: 18, 1: 0, 2: 0, 3: 0, 4: 0}",1
300,False,"{'e': 0.004436009801326289, 'a': 0.54}",25,8,27.771828128266275,"{0: 17, 1: 0, 2: 0, 3: 0, 4: 0}",1
301,False,"{'e': 0.004356875966022165, 'a': 0.54}",20,0,31.627737299483996,"{0: 20, 1: 0, 2: 0, 3: 0, 4: 0}",0
302,False,"{'e': 0.004279153796645399, 'a': 0.54}",25,8,25.16417966172382,"{0: 17, 1: 0, 2: 0, 3: 0, 4: 0}",1
303,False,"{'e': 0.004202818110533188, 'a': 0.54}",20,2,27.744758957973307,"{0: 18, 1: 0, 2: 0, 3: 0, 4: 0}",1
304,False,"{'e': 0.004127844174255439, 'a': 0.54}",25,11,0.9960002280317075,"{0: 13, 1: 0, 2: 0, 3: 1, 4: 0}",1
305,False,"{'e': 0.004054207695600917, 'a': 0.54}",20,16,7.863691154665926,"{0: 4, 1: 0, 2: 0, 3: 0, 4: 0}",1
306,False,"{'e': 0.003981884815706365, 'a': 0.54}",20,13,11.966766168666918,"{0: 7, 1: 0, 2: 0, 3: 0, 4: 0}",1
307,False,"{'e': 0.003910852101326006, 'a': 0.54}",20,8,10.017444258613386,"{0: 11, 1: 0, 2: 1, 3: 0, 4: 0}",1
308,False,"{'e': 0.003841086537238981, 'a': 0.54}",25,0,16.428587538234805,"{0: 24, 1: 0, 2: 0, 3: 1, 4: 0}",0
309,False,"{'e': 0.0037725655187922087, 'a': 0.54}",25,14,21.098276324120256,"{0: 11, 1: 0, 2: 0, 3: 0, 4: 0}",1
310,False,"{'e': 0.0037052668445762813, 'a': 0.54}",20,0,30.08049900424534,"{0: 20, 1: 0, 2: 0, 3: 0, 4: 0}",0
311,False,"{'e': 0.0036391687092320246, 'a': 0.54}",35,18,32.09522283720864,"{0: 17, 1: 0, 2: 0, 3: 0, 4: 0}",1
312,False,"{'e': 0.0035742496963853507, 'a': 0.54}",20,16,7.343411301490532,"{0: 4, 1: 0, 2: 0, 3: 0, 4: 0}",1
313,False,"{'e': 0.0035104887717081795, 'a': 0.54}",35,21,24.022939434155212,"{0: 14, 1: 0, 2: 0, 3: 0, 4: 0}",1
314,False,"{'e': 0.0034478652761031265, 'a': 0.54}",20,3,-12.146304932353642,"{0: 16, 1: 0, 2: 0, 3: 0, 4: 1}",1
315,False,"{'e': 0.003386358919009785, 'a': 0.54}",20,2,32.53019200105812,"{0: 18, 1: 0, 2: 0, 3: 0, 4: 0}",1
316,False,"{'e': 0.0033259497718303903, 'a': 0.54}",20,8,20.86457118427763,"{0: 12, 1: 0, 2: 0, 3: 0, 4: 0}",1
317,False,"{'e': 0.0032666182614727915, 'a': 0.54}",25,15,18.2342671820317,"{0: 10, 1: 0, 2: 0, 3: 0, 4: 0}",1
318,False,"{'e': 0.0032083451640085923, 'a': 0.54}",20,2,24.599028307212453,"{0: 18, 1: 0, 2: 0, 3: 0, 4: 0}",1
319,False,"{'e': 0.0031511115984444414, 'a': 0.54}",20,14,10.303150364058828,"{0: 6, 1: 0, 2: 0, 3: 0, 4: 0}",1
320,False,"{'e': 0.0030948990206044083, 'a': 0.54}",20,9,23.244062564202547,"{0: 11, 1: 0, 2: 0, 3: 0, 4: 0}",1
321,False,"{'e': 0.00303968921712152, 'a': 0.54}",20,8,21.369255980900984,"{0: 12, 1: 0, 2: 0, 3: 0, 4: 0}",1
322,False,"{'e': 0.0029854642995364674, 'a': 0.54}",25,16,15.416519260140538,"{0: 9, 1: 0, 2: 0, 3: 0, 4: 0}",1
323,False,"{'e': 0.002932206698501586, 'a': 0.54}",20,2,23.66976438265465,"{0: 18, 1: 0, 2: 0, 3: 0, 4: 0}",1
324,False,"{'e': 0.002879899158088243, 'a': 0.54}",20,5,-15.468762034313867,"{0: 14, 1: 0, 2: 0, 3: 0, 4: 1}",1
325,False,"{'e': 0.0028285247301957504, 'a': 0.54}",25,14,17.574535337614314,"{0: 11, 1: 0, 2: 0, 3: 0, 4: 0}",1
326,False,"{'e': 0.0027780667690600427, 'a': 0.54}",20,11,-29.880189649169367,"{0: 8, 1: 0, 2: 0, 3: 0, 4: 1}",1
327,False,"{'e': 0.0027285089258602987, 'a': 0.54}",30,12,33.725015516173876,"{0: 18, 1: 0, 2: 0, 3: 0, 4: 0}",1
328,False,"{'e': 0.00267983514342179, 'a': 0.54}",20,7,23.997200297781657,"{0: 13, 1: 0, 2: 0, 3: 0, 4: 0}",1
329,False,"{'e': 0.0026320296510132005, 'a': 0.54}",20,7,23.491068868888462,"{0: 13, 1: 0, 2: 0, 3: 0, 4: 0}",1
330,False,"{'e': 0.0025850769592367833, 'a': 0.54}",20,0,18.579674839325893,"{0: 19, 1: 0, 2: 1, 3: 0, 4: 0}",0
331,False,"{'e': 0.0025389618550096544, 'a': 0.54}",20,16,7.731321035162381,"{0: 4, 1: 0, 2: 0, 3: 0, 4: 0}",1
332,False,"{'e': 0.002493669396634629, 'a': 0.54}",25,8,22.088552114909,"{0: 17, 1: 0, 2: 0, 3: 0, 4: 0}",1
333,False,"{'e': 0.0024491849089589685, 'a': 0.54}",20,4,25.440456969236482,"{0: 16, 1: 0, 2: 0, 3: 0, 4: 0}",1
334,False,"{'e': 0.0024054939786195117, 'a': 0.54}",25,12,18.455741704094585,"{0: 13, 1: 0, 2: 0, 3: 0, 4: 0}",1
335,False,"{'e': 0.002362582449372616, 'a': 0.54}",25,16,17.932710736939782,"{0: 9, 1: 0, 2: 0, 3: 0, 4: 0}",1
336,False,"{'e': 0.00232043641750741, 'a': 0.54}",25,7,33.01063094783903,"{0: 18, 1: 0, 2: 0, 3: 0, 4: 0}",1
337,False,"{'e': 0.002279042227340875, 'a': 0.54}",30,11,23.413960489433524,"{0: 18, 1: 1, 2: 0, 3: 0, 4: 0}",1
338,False,"{'e': 0.0022383864667932757, 'a': 0.54}",20,6,2.4244651700554067,"{0: 13, 1: 0, 2: 0, 3: 1, 4: 0}",1
339,False,"{'e': 0.002198455963042533, 'a': 0.54}",20,0,27.164883867940897,"{0: 20, 1: 0, 2: 0, 3: 0, 4: 0}",0
340,False,"{'e': 0.002159237778256115, 'a': 0.54}",20,12,16.616104364346178,"{0: 8, 1: 0, 2: 0, 3: 0, 4: 0}",1
341,False,"{'e': 0.0021207192053990702, 'a': 0.54}",35,19,31.604275126255907,"{0: 16, 1: 0, 2: 0, 3: 0, 4: 0}",1
342,False,"{'e': 0.002082887764116826, 'a': 0.54}",30,9,36.23357329039977,"{0: 21, 1: 0, 2: 0, 3: 0, 4: 0}",1
343,False,"{'e': 0.002045731196691455, 'a': 0.54}",25,13,21.51339709920585,"{0: 12, 1: 0, 2: 0, 3: 0, 4: 0}",1
344,False,"{'e': 0.0020092374640700602, 'a': 0.54}",20,7,18.07968239941913,"{0: 13, 1: 0, 2: 0, 3: 0, 4: 0}",1
345,False,"{'e': 0.001973394741964025, 'a': 0.54}",30,18,18.543489350837394,"{0: 12, 1: 0, 2: 0, 3: 0, 4: 0}",1
346,False,"{'e': 0.0019381914170178295, 'a': 0.54}",20,9,20.80979221398439,"{0: 11, 1: 0, 2: 0, 3: 0, 4: 0}",1
347,False,"{'e': 0.0019036160830462295, 'a': 0.54}",25,12,23.69733578497864,"{0: 13, 1: 0, 2: 0, 3: 0, 4: 0}",1
348,False,"{'e': 0.00186965753733855, 'a': 0.54}",35,17,26.973822224626616,"{0: 18, 1: 0, 2: 0, 3: 0, 4: 0}",1
349,False,"{'e': 0.0018363047770289071, 'a': 0.54}",20,3,27.839828317398194,"{0: 17, 1: 0, 2: 0, 3: 0, 4: 0}",1
350,False,"{'e': 0.001803546995531191, 'a': 0.54}",30,11,30.631016996834735,"{0: 19, 1: 0, 2: 0, 3: 0, 4: 0}",1
351,False,"{'e': 0.0017713735790376266, 'a': 0.54}",20,0,31.213152967882397,"{0: 20, 1: 0, 2: 0, 3: 0, 4: 0}",0
352,False,"{'e': 0.0017397741030798137, 'a': 0.54}",20,14,13.836831245589517,"{0: 6, 1: 0, 2: 0, 3: 0, 4: 0}",1
353,False,"{'e': 0.0017087383291511053, 'a': 0.54}",25,20,9.151134843784767,"{0: 5, 1: 0, 2: 0, 3: 0, 4: 0}",1
354,False,"{'e': 0.0016782562013892477, 'a': 0.54}",25,18,10.445467460716891,"{0: 7, 1: 0, 2: 0, 3: 0, 4: 0}",1
355,False,"{'e': 0.0016483178433181842, 'a': 0.54}",20,11,15.132199459608028,"{0: 9, 1: 0, 2: 0, 3: 0, 4: 0}",1
356,False,"{'e': 0.0016189135546479958, 'a': 0.54}",25,8,27.906692307319894,"{0: 17, 1: 0, 2: 0, 3: 0, 4: 0}",1
357,False,"{'e': 0.0015900338081319208, 'a': 0.54}",20,13,11.56784665405706,"{0: 7, 1: 0, 2: 0, 3: 0, 4: 0}",1
358,False,"{'e': 0.0015616692464794479, 'a': 0.54}",25,15,19.977617829784492,"{0: 10, 1: 0, 2: 0, 3: 0, 4: 0}",1
359,False,"{'e': 0.0015338106793244643, 'a': 0.54}",25,0,36.112230478417516,"{0: 25, 1: 0, 2: 0, 3: 0, 4: 0}",1
360,False,"{'e': 0.0015064490802475029, 'a': 0.54}",25,19,10.222354746825296,"{0: 6, 1: 0, 2: 0, 3: 0, 4: 0}",1
361,False,"{'e': 0.0014795755838511004, 'a': 0.54}",25,12,-15.674520440337265,"{0: 12, 1: 0, 2: 0, 3: 0, 4: 1}",1
362,False,"{'e': 0.0014531814828873313, 'a': 0.54}",20,8,19.636442822558124,"{0: 12, 1: 0, 2: 0, 3: 0, 4: 0}",1
363,False,"{'e': 0.0014272582254365878, 'a': 0.54}",25,6,14.466847206326342,"{0: 18, 1: 0, 2: 0, 3: 1, 4: 0}",1
364,False,"{'e': 0.0014017974121366757, 'a': 0.54}",25,8,27.87677116787413,"{0: 17, 1: 0, 2: 0, 3: 0, 4: 0}",1
365,False,"{'e': 0.001376790793461352, 'a': 0.54}",20,12,14.647464195740879,"{0: 8, 1: 0, 2: 0, 3: 0, 4: 0}",1
366,False,"{'e': 0.0013522302670474046, 'a': 0.54}",20,3,32.67637633748003,"{0: 17, 1: 0, 2: 0, 3: 0, 4: 0}",1
367,False,"{'e': 0.0013281078750694197, 'a': 0.54}",25,16,15.108113962579845,"{0: 9, 1: 0, 2: 0, 3: 0, 4: 0}",1
368,False,"{'e': 0.0013044158016613707, 'a': 0.54}",35,16,30.53655927913736,"{0: 19, 1: 0, 2: 0, 3: 0, 4: 0}",1
369,False,"{'e': 0.0012811463703842126, 'a': 0.54}",30,18,21.26079739839548,"{0: 12, 1: 0, 2: 0, 3: 0, 4: 0}",1
370,False,"{'e': 0.0012582920417386473, 'a': 0.54}",20,16,6.677836414420563,"{0: 4, 1: 0, 2: 0, 3: 0, 4: 0}",1
371,False,"{'e': 0.001235845410722264, 'a': 0.54}",25,12,-21.930333427108394,"{0: 12, 1: 0, 2: 0, 3: 0, 4: 1}",1
372,False,"{'e': 0.0012137992044302473, 'a': 0.54}",30,1,19.880709745798175,"{0: 28, 1: 0, 2: 0, 3: 1, 4: 0}",1
373,False,"{'e': 0.001192146279698896, 'a': 0.54}",25,11,25.945386746326523,"{0: 14, 1: 0, 2: 0, 3: 0, 4: 0}",1
374,False,"{'e': 0.0011708796207911755, 'a': 0.54}",25,20,7.628485314477562,"{0: 5, 1: 0, 2: 0, 3: 0, 4: 0}",1
375,False,"{'e': 0.0011499923371235557, 'a': 0.54}",25,11,26.158566265619232,"{0: 14, 1: 0, 2: 0, 3: 0, 4: 0}",1
376,False,"{'e': 0.0011294776610334067, 'a': 0.54}",30,17,21.17609366439657,"{0: 13, 1: 0, 2: 0, 3: 0, 4: 0}",1
377,False,"{'e': 0.0011093289455862097, 'a': 0.54}",20,11,12.598673891543797,"{0: 9, 1: 0, 2: 0, 3: 0, 4: 0}",1
378,False,"{'e': 0.0010895396624218973, 'a': 0.54}",20,10,16.14477659812609,"{0: 10, 1: 0, 2: 0, 3: 0, 4: 0}",1
379,False,"{'e': 0.0010701033996396044, 'a': 0.54}",20,10,20.978955562232482,"{0: 10, 1: 0, 2: 0, 3: 0, 4: 0}",1
380,False,"{'e': 0.0010510138597201613, 'a': 0.54}",30,9,40.96472406487482,"{0: 21, 1: 0, 2: 0, 3: 0, 4: 0}",1
381,False,"{'e': 0.001032264857485636, 'a': 0.54}",20,11,17.962498315428117,"{0: 9, 1: 0, 2: 0, 3: 0, 4: 0}",1
382,False,"{'e': 0.0010138503180952866, 'a': 0.54}",25,0,39.53063644102454,"{0: 25, 1: 0, 2: 0, 3: 0, 4: 0}",0
383,False,"{'e': 0.0009957642750772586, 'a': 0.54}",30,15,-13.459333900429899,"{0: 14, 1: 0, 2: 0, 3: 0, 4: 1}",1
384,False,"{'e': 0.0009780008683953946, 'a': 0.54}",25,7,30.262102523247265,"{0: 18, 1: 0, 2: 0, 3: 0, 4: 0}",1
385,False,"{'e': 0.0009605543425505355, 'a': 0.54}",30,12,33.13657624596676,"{0: 18, 1: 0, 2: 0, 3: 0, 4: 0}",1
386,False,"{'e': 0.000943419044715683, 'a': 0.54}",20,14,10.315124376957497,"{0: 6, 1: 0, 2: 0, 3: 0, 4: 0}",1
387,False,"{'e': 0.0009265894229044372, 'a': 0.54}",20,10,20.528670715102585,"{0: 10, 1: 0, 2: 0, 3: 0, 4: 0}",1
388,False,"{'e': 0.0009100600241721035, 'a': 0.54}",20,0,32.079899530164994,"{0: 20, 1: 0, 2: 0, 3: 0, 4: 0}",0
389,False,"{'e': 0.0008938254928488935, 'a': 0.54}",25,5,33.71739735522941,"{0: 20, 1: 0, 2: 0, 3: 0, 4: 0}",1
390,False,"{'e': 0.0008778805688046364, 'a': 0.54}",20,0,27.88023271936,"{0: 20, 1: 0, 2: 0, 3: 0, 4: 0}",0
391,False,"{'e': 0.0008622200857444541, 'a': 0.54}",20,1,28.993257344408832,"{0: 19, 1: 0, 2: 0, 3: 0, 4: 0}",1
392,False,"{'e': 0.000846838969534835, 'a': 0.54}",20,5,11.394813909568786,"{0: 14, 1: 0, 2: 1, 3: 0, 4: 0}",1
393,False,"{'e': 0.0008317322365595733, 'a': 0.54}",20,9,13.871552805868733,"{0: 11, 1: 0, 2: 0, 3: 0, 4: 0}",1
394,False,"{'e': 0.0008168949921050291, 'a': 0.54}",30,12,34.15960554932122,"{0: 18, 1: 0, 2: 0, 3: 0, 4: 0}",1
395,False,"{'e': 0.0008023224287742014, 'a': 0.54}",20,10,17.232826838566993,"{0: 10, 1: 0, 2: 0, 3: 0, 4: 0}",1
396,False,"{'e': 0.000788009824929089, 'a': 0.54}",20,15,8.439074270863568,"{0: 5, 1: 0, 2: 0, 3: 0, 4: 0}",1
397,False,"{'e': 0.0007739525431608373, 'a': 0.54}",20,0,31.596751141993106,"{0: 20, 1: 0, 2: 0, 3: 0, 4: 0}",0
398,False,"{'e': 0.0007601460287871805, 'a': 0.54}",25,14,21.35335110571534,"{0: 11, 1: 0, 2: 0, 3: 0, 4: 0}",1
399,False,"{'e': 0.0007465858083766799, 'a': 0.54}",25,2,33.91621653744997,"{0: 23, 1: 0, 2: 0, 3: 0, 4: 0}",1
400,False,"{'e': 0.0007332674882992965, 'a': 0.54}",25,10,29.36151090828198,"{0: 15, 1: 0, 2: 0, 3: 0, 4: 0}",1
401,False,"{'e': 0.0007201867533028148, 'a': 0.54}",20,13,12.424094439959,"{0: 7, 1: 0, 2: 0, 3: 0, 4: 0}",1
402,False,"{'e': 0.0007073393651146656, 'a': 0.54}",20,12,16.947105392857985,"{0: 8, 1: 0, 2: 0, 3: 0, 4: 0}",1
403,False,"{'e': 0.0006947211610686851, 'a': 0.54}",25,12,26.35199475049094,"{0: 13, 1: 0, 2: 0, 3: 0, 4: 0}",1
404,False,"{'e': 0.0006823280527563772, 'a': 0.54}",20,10,13.661005824022125,"{0: 10, 1: 0, 2: 0, 3: 0, 4: 0}",1
405,False,"{'e': 0.000670156024702232, 'a': 0.54}",25,13,24.546967240560885,"{0: 12, 1: 0, 2: 0, 3: 0, 4: 0}",1
406,False,"{'e': 0.0006582011330626792, 'a': 0.54}",20,3,29.07670676143882,"{0: 17, 1: 0, 2: 0, 3: 0, 4: 0}",1
407,False,"{'e': 0.0006464595043482444, 'a': 0.54}",25,7,30.97337295359381,"{0: 18, 1: 0, 2: 0, 3: 0, 4: 0}",1
408,False,"{'e': 0.0006349273341685073, 'a': 0.54}",20,12,16.009338300742368,"{0: 8, 1: 0, 2: 0, 3: 0, 4: 0}",1
409,False,"{'e': 0.000623600885999445, 'a': 0.54}",35,23,23.530551338158514,"{0: 12, 1: 0, 2: 0, 3: 0, 4: 0}",1
410,False,"{'e': 0.0006124764899727655, 'a': 0.54}",25,11,6.080351430629088,"{0: 13, 1: 0, 2: 0, 3: 1, 4: 0}",1
411,False,"{'e': 0.0006015505416868399, 'a': 0.54}",30,12,29.519216637394642,"{0: 18, 1: 0, 2: 0, 3: 0, 4: 0}",1
412,False,"{'e': 0.0005908195010388418, 'a': 0.54}",25,9,26.463438314559458,"{0: 16, 1: 0, 2: 0, 3: 0, 4: 0}",1
413,False,"{'e': 0.0005802798910777251, 'a': 0.54}",30,18,20.082789814941187,"{0: 12, 1: 0, 2: 0, 3: 0, 4: 0}",1
414,False,"{'e': 0.0005699282968776604, 'a': 0.54}",25,15,20.07358123968527,"{0: 10, 1: 0, 2: 0, 3: 0, 4: 0}",1
415,False,"{'e': 0.0005597613644315712, 'a': 0.54}",20,10,16.34996726442625,"{0: 10, 1: 0, 2: 0, 3: 0, 4: 0}",1
416,False,"{'e': 0.000549775799564403, 'a': 0.54}",25,13,22.919037943977834,"{0: 12, 1: 0, 2: 0, 3: 0, 4: 0}",1
417,False,"{'e': 0.0005399683668657844, 'a': 0.54}",35,19,31.06443150560515,"{0: 16, 1: 0, 2: 0, 3: 0, 4: 0}",1
418,False,"{'e': 0.0005303358886417241, 'a': 0.54}",30,16,20.692673096502293,"{0: 14, 1: 0, 2: 0, 3: 0, 4: 0}",1
419,False,"{'e': 0.0005208752438850126, 'a': 0.54}",20,13,13.198930220356706,"{0: 7, 1: 0, 2: 0, 3: 0, 4: 0}",1
420,False,"{'e': 0.0005115833672639858, 'a': 0.54}",20,6,21.347406895081768,"{0: 14, 1: 0, 2: 0, 3: 0, 4: 0}",1
421,False,"{'e': 0.0005024572481293321, 'a': 0.54}",20,7,24.49538713414859,"{0: 13, 1: 0, 2: 0, 3: 0, 4: 0}",1
422,False,"{'e': 0.0004934939295386158, 'a': 0.54}",25,6,34.83244635872633,"{0: 19, 1: 0, 2: 0, 3: 0, 4: 0}",1
423,False,"{'e': 0.0004846905072982011, 'a': 0.54}",25,19,9.698717107830635,"{0: 6, 1: 0, 2: 0, 3: 0, 4: 0}",1
424,False,"{'e': 0.00047604412902226977, 'a': 0.54}",20,9,24.347103425878494,"{0: 11, 1: 0, 2: 0, 3: 0, 4: 0}",1
425,False,"{'e': 0.0004675519932086207, 'a': 0.54}",25,11,24.714930799206815,"{0: 14, 1: 0, 2: 0, 3: 0, 4: 0}",1
426,False,"{'e': 0.00045921134833096016, 'a': 0.54}",20,2,28.513284412908003,"{0: 18, 1: 0, 2: 0, 3: 0, 4: 0}",1
427,False,"{'e': 0.00045101949194738277, 'a': 0.54}",20,0,28.897174189697747,"{0: 20, 1: 0, 2: 0, 3: 0, 4: 0}",0
428,False,"{'e': 0.00044297376982475786, 'a': 0.54}",25,7,28.39496530863884,"{0: 18, 1: 0, 2: 0, 3: 0, 4: 0}",1
429,False,"{'e': 0.00043507157507873255, 'a': 0.54}",20,11,17.4629703261542,"{0: 9, 1: 0, 2: 0, 3: 0, 4: 0}",1
430,False,"{'e': 0.00042731034732907997, 'a': 0.54}",20,8,20.545777681762594,"{0: 12, 1: 0, 2: 0, 3: 0, 4: 0}",1
431,False,"{'e': 0.0004196875718701129, 'a': 0.54}",25,17,12.679615488059827,"{0: 8, 1: 0, 2: 0, 3: 0, 4: 0}",1
432,False,"{'e': 0.00041220077885589877, 'a': 0.54}",20,0,27.74767278207273,"{0: 20, 1: 0, 2: 0, 3: 0, 4: 0}",0
433,False,"{'e': 0.0004048475425000052, 'a': 0.54}",20,10,16.710355258348827,"{0: 10, 1: 0, 2: 0, 3: 0, 4: 0}",1
434,False,"{'e': 0.0003976254802895262, 'a': 0.54}",25,3,36.81783690020143,"{0: 22, 1: 0, 2: 0, 3: 0, 4: 0}",1
435,False,"{'e': 0.00039053225221312633, 'a': 0.54}",20,10,22.246193575661575,"{0: 10, 1: 0, 2: 0, 3: 0, 4: 0}",1
436,False,"{'e': 0.00038356556000285614, 'a': 0.54}",25,20,8.734501832238275,"{0: 5, 1: 0, 2: 0, 3: 0, 4: 0}",1
437,False,"{'e': 0.000376723146389495, 'a': 0.54}",25,18,10.870458025534381,"{0: 7, 1: 0, 2: 0, 3: 0, 4: 0}",1
438,False,"{'e': 0.00037000279437117374, 'a': 0.54}",25,9,27.63856302469968,"{0: 16, 1: 0, 2: 0, 3: 0, 4: 0}",1
439,False,"{'e': 0.00036340232649504815, 'a': 0.54}",20,8,20.60032902591041,"{0: 12, 1: 0, 2: 0, 3: 0, 4: 0}",1
440,False,"{'e': 0.0003569196041517845, 'a': 0.54}",25,12,28.31016080061449,"{0: 13, 1: 0, 2: 0, 3: 0, 4: 0}",1
441,False,"{'e': 0.00035055252688263275, 'a': 0.54}",20,11,12.693299370667408,"{0: 8, 1: 1, 2: 0, 3: 0, 4: 0}",1
442,False,"{'e': 0.00034429903169885763, 'a': 0.54}",20,7,24.583027477107326,"{0: 13, 1: 0, 2: 0, 3: 0, 4: 0}",1
443,False,"{'e': 0.0003381570924133134, 'a': 0.54}",20,8,15.119942153855504,"{0: 12, 1: 0, 2: 0, 3: 0, 4: 0}",1
444,False,"{'e': 0.00033212471898394095, 'a': 0.54}",25,15,22.152346804494154,"{0: 10, 1: 0, 2: 0, 3: 0, 4: 0}",1
445,False,"{'e': 0.0003261999568689783, 'a': 0.54}",20,13,13.465005083767066,"{0: 7, 1: 0, 2: 0, 3: 0, 4: 0}",1
446,False,"{'e': 0.0003203808863936687, 'a': 0.54}",25,12,17.04510285634255,"{0: 13, 1: 0, 2: 0, 3: 0, 4: 0}",1
447,False,"{'e': 0.0003146656221282729, 'a': 0.54}",20,12,15.724210086260202,"{0: 8, 1: 0, 2: 0, 3: 0, 4: 0}",1
448,False,"{'e': 0.00030905231227717177, 'a': 0.54}",35,0,48.321702960770025,"{0: 35, 1: 0, 2: 0, 3: 0, 4: 0}",0
449,False,"{'e': 0.0003035391380788668, 'a': 0.54}",25,15,18.97100078654438,"{0: 10, 1: 0, 2: 0, 3: 0, 4: 0}",1
450,False,"{'e': 0.0002981243132166889, 'a': 0.54}",20,14,13.332031293520824,"{0: 6, 1: 0, 2: 0, 3: 0, 4: 0}",1
451,False,"{'e': 0.0002928060832400124, 'a': 0.54}",20,1,30.394209985163943,"{0: 19, 1: 0, 2: 0, 3: 0, 4: 0}",1
452,False,"{'e': 0.0002875827249958009, 'a': 0.54}",25,19,7.743396352781334,"{0: 6, 1: 0, 2: 0, 3: 0, 4: 0}",1
453,False,"{'e': 0.0002824525460702894, 'a': 0.54}",25,16,20.264808961429956,"{0: 9, 1: 0, 2: 0, 3: 0, 4: 0}",1
454,False,"{'e': 0.0002774138842406257, 'a': 0.54}",30,13,33.00415507185043,"{0: 17, 1: 0, 2: 0, 3: 0, 4: 0}",1
455,False,"{'e': 0.0002724651069362989, 'a': 0.54}",25,20,13.299221532622916,"{0: 5, 1: 0, 2: 0, 3: 0, 4: 0}",1
456,False,"{'e': 0.00026760461071017043, 'a': 0.54}",35,16,27.240088118973972,"{0: 19, 1: 0, 2: 0, 3: 0, 4: 0}",1
457,False,"{'e': 0.000262830820718942, 'a': 0.54}",20,14,10.034620619264707,"{0: 6, 1: 0, 2: 0, 3: 0, 4: 0}",1
458,False,"{'e': 0.00025814219021289583, 'a': 0.54}",25,8,22.120322029586944,"{0: 16, 1: 1, 2: 0, 3: 0, 4: 0}",1
459,False,"{'e': 0.0002535372000347304, 'a': 0.54}",25,9,26.89619629496154,"{0: 16, 1: 0, 2: 0, 3: 0, 4: 0}",1
460,False,"{'e': 0.00024901435812734363, 'a': 0.54}",25,13,19.853835287199754,"{0: 12, 1: 0, 2: 0, 3: 0, 4: 0}",1
461,False,"{'e': 0.0002445721990503917, 'a': 0.54}",20,6,-3.203675748254809,"{0: 13, 1: 0, 2: 0, 3: 1, 4: 0}",1
462,False,"{'e': 0.00024020928350547237, 'a': 0.54}",25,8,31.071663442356392,"{0: 17, 1: 0, 2: 0, 3: 0, 4: 0}",1
463,False,"{'e': 0.00023592419786978275, 'a': 0.54}",20,15,10.833639882217344,"{0: 5, 1: 0, 2: 0, 3: 0, 4: 0}",1
464,False,"{'e': 0.00023171555373808968, 'a': 0.54}",20,1,30.931132084141126,"{0: 19, 1: 0, 2: 0, 3: 0, 4: 0}",1
465,False,"{'e': 0.00022758198747287731, 'a': 0.54}",20,0,28.164106378600803,"{0: 20, 1: 0, 2: 0, 3: 0, 4: 0}",0
466,False,"{'e': 0.0002235221597625153, 'a': 0.54}",25,20,9.844231286472112,"{0: 5, 1: 0, 2: 0, 3: 0, 4: 0}",1
467,False,"{'e': 0.0002195347551873089, 'a': 0.54}",25,0,36.08490250031518,"{0: 25, 1: 0, 2: 0, 3: 0, 4: 0}",0
468,False,"{'e': 0.00021561848179329395, 'a': 0.54}",20,14,8.872635178883563,"{0: 6, 1: 0, 2: 0, 3: 0, 4: 0}",1
469,False,"{'e': 0.0002117720706736313, 'a': 0.54}",20,8,21.24854415241297,"{0: 12, 1: 0, 2: 0, 3: 0, 4: 0}",1
470,False,"{'e': 0.00020799427555746858, 'a': 0.54}",20,12,11.692289706622173,"{0: 8, 1: 0, 2: 0, 3: 0, 4: 0}",1
471,False,"{'e': 0.00020428387240614045, 'a': 0.54}",20,12,14.027909117897444,"{0: 8, 1: 0, 2: 0, 3: 0, 4: 0}",1
472,False,"{'e': 0.00020063965901656613, 'a': 0.54}",20,15,10.562336564332451,"{0: 5, 1: 0, 2: 0, 3: 0, 4: 0}",1
473,False,"{'e': 0.00019706045463172792, 'a': 0.54}",30,19,20.821340689705444,"{0: 11, 1: 0, 2: 0, 3: 0, 4: 0}",1
474,False,"{'e': 0.00019354509955809418, 'a': 0.54}",30,12,29.673497255525014,"{0: 18, 1: 0, 2: 0, 3: 0, 4: 0}",1
475,False,"{'e': 0.00019009245478986773, 'a': 0.54}",25,19,9.290909998040135,"{0: 6, 1: 0, 2: 0, 3: 0, 4: 0}",1
476,False,"{'e': 0.0001867014016399403, 'a': 0.54}",20,12,15.182955738343104,"{0: 8, 1: 0, 2: 0, 3: 0, 4: 0}",1
477,False,"{'e': 0.0001833708413774254, 'a': 0.54}",25,15,18.379432764117087,"{0: 10, 1: 0, 2: 0, 3: 0, 4: 0}",1
478,False,"{'e': 0.0001800996948716622, 'a': 0.54}",35,22,22.51625848410572,"{0: 13, 1: 0, 2: 0, 3: 0, 4: 0}",1
479,False,"{'e': 0.00017688690224256689, 'a': 0.54}",30,8,35.06614285118014,"{0: 22, 1: 0, 2: 0, 3: 0, 4: 0}",1
480,False,"{'e': 0.0001737314225172212, 'a': 0.54}",20,11,13.465940119584268,"{0: 9, 1: 0, 2: 0, 3: 0, 4: 0}",1
481,False,"{'e': 0.00017063223329259, 'a': 0.54}",25,0,39.57920982816879,"{0: 25, 1: 0, 2: 0, 3: 0, 4: 0}",0
482,False,"{'e': 0.0001675883304042528, 'a': 0.54}",20,0,29.24159914045408,"{0: 20, 1: 0, 2: 0, 3: 0, 4: 0}",0
483,False,"{'e': 0.0001645987276010448, 'a': 0.54}",20,9,19.349183217071488,"{0: 11, 1: 0, 2: 0, 3: 0, 4: 0}",1
484,False,"{'e': 0.00016166245622550507, 'a': 0.54}",25,5,38.2098508164098,"{0: 20, 1: 0, 2: 0, 3: 0, 4: 0}",1
485,False,"{'e': 0.00015877856490002055, 'a': 0.54}",25,7,28.275713649664937,"{0: 18, 1: 0, 2: 0, 3: 0, 4: 0}",1
486,False,"{'e': 0.00015594611921857353, 'a': 0.54}",25,18,14.49757390297156,"{0: 7, 1: 0, 2: 0, 3: 0, 4: 0}",1
487,False,"{'e': 0.000153164201443985, 'a': 0.54}",20,12,12.97480518324873,"{0: 8, 1: 0, 2: 0, 3: 0, 4: 0}",1
488,False,"{'e': 0.0001504319102105589, 'a': 0.54}",20,6,25.11816666806102,"{0: 14, 1: 0, 2: 0, 3: 0, 4: 0}",1
489,False,"{'e': 0.0001477483602320339, 'a': 0.54}",30,13,-6.176934499041481,"{0: 16, 1: 0, 2: 0, 3: 0, 4: 1}",1
490,False,"{'e': 0.00014511268201474042, 'a': 0.54}",20,11,17.92557670896569,"{0: 9, 1: 0, 2: 0, 3: 0, 4: 0}",1
491,False,"{'e': 0.00014252402157587918, 'a': 0.54}",20,8,20.547582709766193,"{0: 12, 1: 0, 2: 0, 3: 0, 4: 0}",1
492,False,"{'e': 0.00013998154016682236, 'a': 0.54}",30,7,-7.538932403653259,"{0: 22, 1: 0, 2: 0, 3: 0, 4: 1}",1
493,False,"{'e': 0.0001374844140013511, 'a': 0.54}",20,13,15.304475689321556,"{0: 7, 1: 0, 2: 0, 3: 0, 4: 0}",1
494,False,"{'e': 0.00013503183398874292, 'a': 0.54}",20,8,22.24653428830828,"{0: 12, 1: 0, 2: 0, 3: 0, 4: 0}",1
495,False,"{'e': 0.00013262300547161858, 'a': 0.54}",25,17,14.94017837288007,"{0: 8, 1: 0, 2: 0, 3: 0, 4: 0}",1
496,False,"{'e': 0.00013025714796846536, 'a': 0.54}",20,3,28.111405662537592,"{0: 17, 1: 0, 2: 0, 3: 0, 4: 0}",1
497,False,"{'e': 0.000127933494920756, 'a': 0.54}",20,3,28.449881648211104,"{0: 17, 1: 0, 2: 0, 3: 0, 4: 0}",1
498,False,"{'e': 0.00012565129344457507, 'a': 0.54}",25,14,20.64074560223292,"{0: 11, 1: 0, 2: 0, 3: 0, 4: 0}",1
499,False,"{'e': 0.00012340980408667956, 'a': 0.54}",25,18,13.040179350802513,"{0: 7, 1: 0, 2: 0, 3: 0, 4: 0}",1
500,False,"{'e': 0.00012120830058490896, 'a': 0.54}",25,3,32.918038984420384,"{0: 22, 1: 0, 2: 0, 3: 0, 4: 0}",1
501,False,"{'e': 0.00011904606963286932, 'a': 0.54}",20,12,15.292924724997357,"{0: 8, 1: 0, 2: 0, 3: 0, 4: 0}",1
502,False,"{'e': 0.00011692241064881721, 'a': 0.54}",35,23,20.447464843455403,"{0: 12, 1: 0, 2: 0, 3: 0, 4: 0}",1
503,False,"{'e': 0.00011483663554866342, 'a': 0.54}",20,6,24.98123091198737,"{0: 14, 1: 0, 2: 0, 3: 0, 4: 0}",1
504,False,"{'e': 0.00011278806852302912, 'a': 0.54}",30,21,11.398100643223353,"{0: 9, 1: 0, 2: 0, 3: 0, 4: 0}",1
505,False,"{'e': 0.00011077604581827716, 'a': 0.54}",30,24,8.81857952541637,"{0: 6, 1: 0, 2: 0, 3: 0, 4: 0}",1
506,False,"{'e': 0.00010879991552144944, 'a': 0.54}",25,11,22.780460586672895,"{0: 14, 1: 0, 2: 0, 3: 0, 4: 0}",1
507,False,"{'e': 0.00010685903734904262, 'a': 0.54}",25,15,21.536245741936437,"{0: 10, 1: 0, 2: 0, 3: 0, 4: 0}",1
508,False,"{'e': 0.00010495278243955002, 'a': 0.54}",25,1,37.013861364779295,"{0: 24, 1: 0, 2: 0, 3: 0, 4: 0}",1
509,False,"{'e': 0.00010308053314970452, 'a': 0.54}",20,14,8.676771844414631,"{0: 6, 1: 0, 2: 0, 3: 0, 4: 0}",1
510,False,"{'e': 0.00010124168285435794, 'a': 0.54}",20,6,22.26032716087506,"{0: 14, 1: 0, 2: 0, 3: 0, 4: 0}",1
511,False,"{'e': 9.94356357499278e-05, 'a': 0.54}",25,0,34.07804908565713,"{0: 25, 1: 0, 2: 0, 3: 0, 4: 0}",0
1,True,"{'e': 0, 'a': 0}",20,12,15.641573563146734,"{0: 8, 1: 0, 2: 0, 3: 0, 4: 0}",1
2,True,"{'e': 0, 'a': 0}",25,15,18.371146705064312,"{0: 10, 1: 0, 2: 0, 3: 0, 4: 0}",1
3,True,"{'e': 0, 'a': 0}",25,20,8.040548001379179,"{0: 5, 1: 0, 2: 0, 3: 0, 4: 0}",1
4,True,"{'e': 0, 'a': 0}",25,0,38.16789805304258,"{0: 25, 1: 0, 2: 0, 3: 0, 4: 0}",0
5,True,"{'e': 0, 'a': 0}",30,7,36.9004594785916,"{0: 23, 1: 0, 2: 0, 3: 0, 4: 0}",1
6,True,"{'e': 0, 'a': 0}",20,12,17.325963532573258,"{0: 8, 1: 0, 2: 0, 3: 0, 4: 0}",1
7,True,"{'e': 0, 'a': 0}",35,18,34.1842785533311,"{0: 17, 1: 0, 2: 0, 3: 0, 4: 0}",1
8,True,"{'e': 0, 'a': 0}",25,7,35.8364792178402,"{0: 18, 1: 0, 2: 0, 3: 0, 4: 0}",1
9,True,"{'e': 0, 'a': 0}",25,14,20.985349371603785,"{0: 11, 1: 0, 2: 0, 3: 0, 4: 0}",1
10,True,"{'e': 0, 'a': 0}",25,20,9.478239408335979,"{0: 5, 1: 0, 2: 0, 3: 0, 4: 0}",1
11,True,"{'e': 0, 'a': 0}",25,20,8.47445254104228,"{0: 5, 1: 0, 2: 0, 3: 0, 4: 0}",1
12,True,"{'e': 0, 'a': 0}",20,11,16.285479837654176,"{0: 9, 1: 0, 2: 0, 3: 0, 4: 0}",1
13,True,"{'e': 0, 'a': 0}",20,8,23.6051195060336,"{0: 12, 1: 0, 2: 0, 3: 0, 4: 0}",1
14,True,"{'e': 0, 'a': 0}",30,17,24.548910264170186,"{0: 13, 1: 0, 2: 0, 3: 0, 4: 0}",1
15,True,"{'e': 0, 'a': 0}",25,10,24.05566379376907,"{0: 15, 1: 0, 2: 0, 3: 0, 4: 0}",1
16,True,"{'e': 0, 'a': 0}",20,16,7.966171516051094,"{0: 4, 1: 0, 2: 0, 3: 0, 4: 0}",1
17,True,"{'e': 0, 'a': 0}",25,17,16.32212060543565,"{0: 8, 1: 0, 2: 0, 3: 0, 4: 0}",1
18,True,"{'e': 0, 'a': 0}",25,13,18.515952906469682,"{0: 12, 1: 0, 2: 0, 3: 0, 4: 0}",1
19,True,"{'e': 0, 'a': 0}",25,13,21.141562805153594,"{0: 12, 1: 0, 2: 0, 3: 0, 4: 0}",1
20,True,"{'e': 0, 'a': 0}",30,21,15.31840462133746,"{0: 9, 1: 0, 2: 0, 3: 0, 4: 0}",1
21,True,"{'e': 0, 'a': 0}",35,20,24.789944866423653,"{0: 15, 1: 0, 2: 0, 3: 0, 4: 0}",1
22,True,"{'e': 0, 'a': 0}",30,16,22.367854764198974,"{0: 14, 1: 0, 2: 0, 3: 0, 4: 0}",1
23,True,"{'e': 0, 'a': 0}",20,13,12.960244207936451,"{0: 7, 1: 0, 2: 0, 3: 0, 4: 0}",1
24,True,"{'e': 0, 'a': 0}",35,21,27.28307467630547,"{0: 14, 1: 0, 2: 0, 3: 0, 4: 0}",1
25,True,"{'e': 0, 'a': 0}",25,14,20.880145968338482,"{0: 11, 1: 0, 2: 0, 3: 0, 4: 0}",1
26,True,"{'e': 0, 'a': 0}",30,16,20.929903142360157,"{0: 14, 1: 0, 2: 0, 3: 0, 4: 0}",1
27,True,"{'e': 0, 'a': 0}",20,3,26.556528669385703,"{0: 17, 1: 0, 2: 0, 3: 0, 4: 0}",1
28,True,"{'e': 0, 'a': 0}",20,9,21.267307183253244,"{0: 11, 1: 0, 2: 0, 3: 0, 4: 0}",1
29,True,"{'e': 0, 'a': 0}",20,6,20.22198768755718,"{0: 14, 1: 0, 2: 0, 3: 0, 4: 0}",1
30,True,"{'e': 0, 'a': 0}",25,19,10.727881850111611,"{0: 6, 1: 0, 2: 0, 3: 0, 4: 0}",1
